﻿<?xml version="1.0" encoding="UTF-8" standalone="yes"?>
<addon id="Freetuga.Repositorio" name="Boxcenter repositorio" version="0.0.3" provider-name="boxcenterkodi">
	<extension point="xbmc.addon.repository" name="Boxcenter Add-on Repository">
		<info compressed="false">http://raw.github.com/boxcenterkodi/Freetuga.Repositorio/master/addons.xml</info>
		<checksum>http://raw.github.com/boxcenterkodi/Freetuga.Repositorio/master/addons.xml.md5</checksum>
		<datadir zip="true">http://raw.github.com/boxcenterkodi/Freetuga.Repositorio/master/repo/</datadir>
	</extension>
	<extension point="xbmc.addon.metadata">
		<summary>Boxcenter Addon</summary>
		<description>Addon Description</description>
		<disclaimer></disclaimer>
		<platform>all</platform>
	</extension>
</addon>